{
  "v": "5.5.7",
  "fr": 29.9700012207031,
  "ip": 0,
  "op": 60.0000024438501,
  "w": 500,
  "h": 500,
  "nm": "Bar Graph",
  "ddd": 0,
  "assets": [],
  "layers": [
    {
      "ddd": 0,
      "ind": 1,
      "ty": 4,
      "nm": "Shape Layer 1",
      "sr": 1,
      "ks": {
        "o": {
          "a": 0,
          "k": 100,
          "ix": 11
        },
        "r": {
          "a": 0,
          "k": 0,
          "ix": 10
        },
        "p": {
          "a": 0,
          "k": [
            250,
            250,
            0
          ],
          "ix": 2
        },
        "a": {
          "a": 0,
          "k": [
            0,
            0,
            0
          ],
          "ix": 1
        },
        "s": {
          "a": 0,
          "k": [
            100,
            100,
            100
          ],
          "ix": 6
        }
      },
      "ao": 0,
      "shapes": [
        {
          "ty": "gr",
          "it": [
            {
              "ty": "rc",
              "d": 1,
              "s": {
                "a": 1,
                "k": [
                  {
                    "i": {
                      "x": [
                        0.667,
                        0.667
                      ],
                      "y": [
                        1,
                        1
                      ]
                    },
                    "o": {
                      "x": [
                        0.333,
                        0.333
                      ],
                      "y": [
                        0,
                        0
                      ]
                    },
                    "t": 0,
                    "s": [
                      50,
                      50
                    ]
                  },
                  {
                    "i": {
                      "x": [
                        0.667,
                        0.667
                      ],
                      "y": [
                        1,
                        1
                      ]
                    },
                    "o": {
                      "x": [
                        0.333,
                        0.333
                      ],
                      "y": [
                        0,
                        0
                      ]
                    },
                    "t": 15,
                    "s": [
                      100,
                      100
                    ]
                  },
                  {
                    "i": {
                      "x": [
                        0.667,
                        0.667
                      ],
                      "y": [
                        1,
                        1
                      ]
                    },
                    "o": {
                      "x": [
                        0.333,
                        0.333
                      ],
                      "y": [
                        0,
                        0
                      ]
                    },
                    "t": 30,
                    "s": [
                      150,
                      150
                    ]
                  },
                  {
                    "i": {
                      "x": [
                        0.667,
                        0.667
                      ],
                      "y": [
                        1,
                        1
                      ]
                    },
                    "o": {
                      "x": [
                        0.333,
                        0.333
                      ],
                      "y": [
                        0,
                        0
                      ]
                    },
                    "t": 45,
                    "s": [
                      200,
                      200
                    ]
                  },
                  {
                    "t": 59.0000024031193,
                    "s": [
                      250,
                      250
                    ]
                  }
                ],
                "ix": 2
              },
              "p": {
                "a": 0,
                "k": [
                  0,
                  0
                ],
                "ix": 3
              },
              "r": {
                "a": 0,
                "k": 0,
                "ix": 4
              },
              "nm": "Rectangle Path 1",
              "mn": "ADBE Vector Shape - Rect",
              "hd": false
            },
            {
              "ty": "fl",
              "c": {
                "a": 0,
                "k": [
                  0.8901960784313725,
                  0.8901960784313725,
                  0.8901960784313725,
                  1
                ],
                "ix": 4
              },
              "o": {
                "a": 0,
                "k": 100,
                "ix": 5
              },
              "r": 1,
              "bm": 0,
              "nm": "Fill 1",
              "mn": "ADBE Vector Graphic - Fill",
              "hd": false
            },
            {
              "ty": "tr",
              "p": {
                "a": 0,
                "k": [
                  0,
                  0
                ],
                "ix": 2
              },
              "a": {
                "a": 0,
                "k": [
                  0,
                  0
                ],
                "ix": 1
              },
              "s": {
                "a": 0,
                "k": [
                  100,
                  100
                ],
                "ix": 3
              },
              "r": {
                "a": 0,
                "k": 0,
                "ix": 6
              },
              "o": {
                "a": 0,
                "k": 100,
                "ix": 7
              },
              "sk": {
                "a": 0,
                "k": 0,
                "ix": 4
              },
              "sa": {
                "a": 0,
                "k": 0,
                "ix": 5
              },
              "nm": "Transform"
            }
          ],
          "nm": "Rectangle 1",
          "np": 3,
          "cix": 2,
          "bm": 0,
          "ix": 1,
          "mn": "ADBE Vector Group",
          "hd": false
        }
      ],
      "ip": 0,
      "op": 60.0000024438501,
      "st": 0,
      "bm": 0
    }
  ]
}
