{"v":"5.6.3","fr":30,"ip":0,"op":180,"w":390,"h":844,"nm":"Comp 1","ddd":0,"assets":[],"layers":[{"ddd":0,"ind":1,"ty":4,"nm":"heart Outlines 8","sr":1,"ks":{"o":{"a":0,"k":90,"ix":11},"r":{"a":1,"k":[{"i":{"x":[0.833],"y":[0.962]},"o":{"x":[0.167],"y":[0.167]},"t":64,"s":[-20]},{"i":{"x":[0.833],"y":[1.095]},"o":{"x":[0.167],"y":[-0.091]},"t":89,"s":[0]},{"i":{"x":[0.833],"y":[0.833]},"o":{"x":[0.167],"y":[0.062]},"t":119,"s":[-10]},{"t":168,"s":[15]}],"ix":10},"p":{"a":1,"k":[{"i":{"x":0.833,"y":0.855},"o":{"x":0.167,"y":0.167},"t":64,"s":[138,879,0],"to":[-36.167,-45.167,0],"ti":[-38.167,97.667,0]},{"i":{"x":0.833,"y":0.839},"o":{"x":0.167,"y":0.191},"t":89,"s":[37,598,0],"to":[37.69,-96.448,0],"ti":[0.5,77.667,0]},{"i":{"x":0.833,"y":0.829},"o":{"x":0.167,"y":0.174},"t":119,"s":[141,337,0],"to":[-0.5,-77.667,0],"ti":[3.124,64.593,0]},{"i":{"x":0.833,"y":0.833},"o":{"x":0.167,"y":0.161},"t":146,"s":[34,132,0],"to":[-4.667,-96.5,0],"ti":[0,0,0]},{"t":168,"s":[113,-50,0]}],"ix":2},"a":{"a":0,"k":[45.5,42.5,0],"ix":1},"s":{"a":1,"k":[{"i":{"x":[0.833,0.833,0.833],"y":[0.833,0.833,-7.889]},"o":{"x":[0.167,0.167,0.167],"y":[0.167,0.167,8.889]},"t":64,"s":[40,40,100]},{"t":168,"s":[120,120,100]}],"ix":6}},"ao":0,"shapes":[{"ty":"gr","it":[{"ind":0,"ty":"sh","ix":1,"ks":{"a":0,"k":{"i":[[-5.307,0.003],[-3.283,-1.914],[-0.966,-0.65],[-3.222,2.1],[-4.745,0.312],[-2.189,-8.306],[5.454,-6.092],[6.226,-6.482],[3.151,-2.829],[2.764,2.587],[4.099,4.251],[4.846,5.486],[-8.872,8.853]],"o":[[3.59,-0.304],[1.006,0.587],[3.195,2.149],[3.769,-2.457],[10.096,-0.663],[2.121,8.046],[-5.993,6.693],[-2.937,3.057],[-2.825,2.535],[-4.308,-4.034],[-5.083,-5.273],[-8.429,-9.541],[3.361,-3.353]],"v":[[-17.432,-33.504],[-7.132,-30.469],[-4.167,-28.618],[5.385,-28.635],[17.719,-33.562],[37.602,-18.247],[32.361,3.109],[13.834,22.695],[4.794,31.641],[-3.715,31.639],[-16.21,19.079],[-31.294,3.105],[-30.361,-28.432]],"c":true},"ix":2},"nm":"Path 1","mn":"ADBE Vector Shape - Group","hd":false},{"ty":"fl","c":{"a":0,"k":[0.992156862745,0.203921568627,0.43137254902,1],"ix":4},"o":{"a":0,"k":100,"ix":5},"r":1,"bm":0,"nm":"Fill 1","mn":"ADBE Vector Graphic - Fill","hd":false},{"ty":"tr","p":{"a":0,"k":[44.354,40.522],"ix":2},"a":{"a":0,"k":[0,0],"ix":1},"s":{"a":0,"k":[100,100],"ix":3},"r":{"a":0,"k":0,"ix":6},"o":{"a":0,"k":100,"ix":7},"sk":{"a":0,"k":0,"ix":4},"sa":{"a":0,"k":0,"ix":5},"nm":"Transform"}],"nm":"Group 1","np":2,"cix":2,"bm":0,"ix":1,"mn":"ADBE Vector Group","hd":false}],"ip":0,"op":600,"st":0,"bm":0},{"ddd":0,"ind":2,"ty":4,"nm":"heart Outlines 4","sr":1,"ks":{"o":{"a":0,"k":90,"ix":11},"r":{"a":1,"k":[{"i":{"x":[0.833],"y":[0.962]},"o":{"x":[0.167],"y":[0.167]},"t":12,"s":[-20]},{"i":{"x":[0.833],"y":[1.095]},"o":{"x":[0.167],"y":[-0.091]},"t":37,"s":[0]},{"i":{"x":[0.833],"y":[0.833]},"o":{"x":[0.167],"y":[0.062]},"t":67,"s":[-10]},{"t":116,"s":[15]}],"ix":10},"p":{"a":1,"k":[{"i":{"x":0.833,"y":0.855},"o":{"x":0.167,"y":0.167},"t":12,"s":[138,879,0],"to":[-36.167,-45.167,0],"ti":[-38.167,97.667,0]},{"i":{"x":0.833,"y":0.839},"o":{"x":0.167,"y":0.191},"t":37,"s":[37,598,0],"to":[37.69,-96.448,0],"ti":[0.5,77.667,0]},{"i":{"x":0.833,"y":0.829},"o":{"x":0.167,"y":0.174},"t":67,"s":[141,337,0],"to":[-0.5,-77.667,0],"ti":[3.124,64.593,0]},{"i":{"x":0.833,"y":0.833},"o":{"x":0.167,"y":0.161},"t":94,"s":[34,132,0],"to":[-4.667,-96.5,0],"ti":[0,0,0]},{"t":116,"s":[113,-50,0]}],"ix":2},"a":{"a":0,"k":[45.5,42.5,0],"ix":1},"s":{"a":1,"k":[{"i":{"x":[0.833,0.833,0.833],"y":[0.833,0.833,-7.889]},"o":{"x":[0.167,0.167,0.167],"y":[0.167,0.167,8.889]},"t":12,"s":[40,40,100]},{"t":116,"s":[120,120,100]}],"ix":6}},"ao":0,"shapes":[{"ty":"gr","it":[{"ind":0,"ty":"sh","ix":1,"ks":{"a":0,"k":{"i":[[-5.307,0.003],[-3.283,-1.914],[-0.966,-0.65],[-3.222,2.1],[-4.745,0.312],[-2.189,-8.306],[5.454,-6.092],[6.226,-6.482],[3.151,-2.829],[2.764,2.587],[4.099,4.251],[4.846,5.486],[-8.872,8.853]],"o":[[3.59,-0.304],[1.006,0.587],[3.195,2.149],[3.769,-2.457],[10.096,-0.663],[2.121,8.046],[-5.993,6.693],[-2.937,3.057],[-2.825,2.535],[-4.308,-4.034],[-5.083,-5.273],[-8.429,-9.541],[3.361,-3.353]],"v":[[-17.432,-33.504],[-7.132,-30.469],[-4.167,-28.618],[5.385,-28.635],[17.719,-33.562],[37.602,-18.247],[32.361,3.109],[13.834,22.695],[4.794,31.641],[-3.715,31.639],[-16.21,19.079],[-31.294,3.105],[-30.361,-28.432]],"c":true},"ix":2},"nm":"Path 1","mn":"ADBE Vector Shape - Group","hd":false},{"ty":"fl","c":{"a":0,"k":[0.992156862745,0.203921568627,0.43137254902,1],"ix":4},"o":{"a":0,"k":100,"ix":5},"r":1,"bm":0,"nm":"Fill 1","mn":"ADBE Vector Graphic - Fill","hd":false},{"ty":"tr","p":{"a":0,"k":[44.354,40.522],"ix":2},"a":{"a":0,"k":[0,0],"ix":1},"s":{"a":0,"k":[100,100],"ix":3},"r":{"a":0,"k":0,"ix":6},"o":{"a":0,"k":100,"ix":7},"sk":{"a":0,"k":0,"ix":4},"sa":{"a":0,"k":0,"ix":5},"nm":"Transform"}],"nm":"Group 1","np":2,"cix":2,"bm":0,"ix":1,"mn":"ADBE Vector Group","hd":false}],"ip":0,"op":600,"st":0,"bm":0},{"ddd":0,"ind":3,"ty":4,"nm":"heart Outlines 3","sr":1,"ks":{"o":{"a":0,"k":100,"ix":11},"r":{"a":1,"k":[{"i":{"x":[0.833],"y":[0.961]},"o":{"x":[0.167],"y":[0.167]},"t":19,"s":[-20]},{"i":{"x":[0.833],"y":[1]},"o":{"x":[0.167],"y":[-0.089]},"t":48,"s":[0]},{"i":{"x":[0.833],"y":[0.833]},"o":{"x":[0.167],"y":[0]},"t":81,"s":[-10]},{"t":133,"s":[0]}],"ix":10},"p":{"a":1,"k":[{"i":{"x":0.833,"y":0.843},"o":{"x":0.167,"y":0.167},"t":19,"s":[220,869,0],"to":[-24.167,-47.167,0],"ti":[-38.167,97.667,0]},{"i":{"x":0.833,"y":0.839},"o":{"x":0.167,"y":0.177},"t":48,"s":[151,608,0],"to":[37.69,-96.448,0],"ti":[3.167,82.333,0]},{"i":{"x":0.833,"y":0.834},"o":{"x":0.167,"y":0.174},"t":81,"s":[213,335,0],"to":[-3.167,-82.333,0],"ti":[7.667,64.5,0]},{"i":{"x":0.833,"y":0.833},"o":{"x":0.167,"y":0.168},"t":111,"s":[132,114,0],"to":[-7.667,-64.5,0],"ti":[0,0,0]},{"t":133,"s":[167,-52,0]}],"ix":2},"a":{"a":0,"k":[45.5,42.5,0],"ix":1},"s":{"a":1,"k":[{"i":{"x":[0.833,0.833,0.833],"y":[0.833,0.833,-20.94]},"o":{"x":[0.167,0.167,0.167],"y":[0.167,0.167,21.94]},"t":19,"s":[60,60,100]},{"t":133,"s":[140,140,100]}],"ix":6}},"ao":0,"shapes":[{"ty":"gr","it":[{"ind":0,"ty":"sh","ix":1,"ks":{"a":0,"k":{"i":[[-5.307,0.003],[-3.283,-1.914],[-0.966,-0.65],[-3.222,2.1],[-4.745,0.312],[-2.189,-8.306],[5.454,-6.092],[6.226,-6.482],[3.151,-2.829],[2.764,2.587],[4.099,4.251],[4.846,5.486],[-8.872,8.853]],"o":[[3.59,-0.304],[1.006,0.587],[3.195,2.149],[3.769,-2.457],[10.096,-0.663],[2.121,8.046],[-5.993,6.693],[-2.937,3.057],[-2.825,2.535],[-4.308,-4.034],[-5.083,-5.273],[-8.429,-9.541],[3.361,-3.353]],"v":[[-17.432,-33.504],[-7.132,-30.469],[-4.167,-28.618],[5.385,-28.635],[17.719,-33.562],[37.602,-18.247],[32.361,3.109],[13.834,22.695],[4.794,31.641],[-3.715,31.639],[-16.21,19.079],[-31.294,3.105],[-30.361,-28.432]],"c":true},"ix":2},"nm":"Path 1","mn":"ADBE Vector Shape - Group","hd":false},{"ty":"fl","c":{"a":0,"k":[0.992156862745,0.203921568627,0.43137254902,1],"ix":4},"o":{"a":0,"k":100,"ix":5},"r":1,"bm":0,"nm":"Fill 1","mn":"ADBE Vector Graphic - Fill","hd":false},{"ty":"tr","p":{"a":0,"k":[44.354,40.522],"ix":2},"a":{"a":0,"k":[0,0],"ix":1},"s":{"a":0,"k":[100,100],"ix":3},"r":{"a":0,"k":0,"ix":6},"o":{"a":0,"k":100,"ix":7},"sk":{"a":0,"k":0,"ix":4},"sa":{"a":0,"k":0,"ix":5},"nm":"Transform"}],"nm":"Group 1","np":2,"cix":2,"bm":0,"ix":1,"mn":"ADBE Vector Group","hd":false}],"ip":0,"op":600,"st":0,"bm":0},{"ddd":0,"ind":4,"ty":4,"nm":"heart Outlines 13","sr":1,"ks":{"o":{"a":0,"k":100,"ix":11},"r":{"a":1,"k":[{"i":{"x":[0.833],"y":[0.958]},"o":{"x":[0.167],"y":[0.167]},"t":61,"s":[-20]},{"i":{"x":[0.833],"y":[1]},"o":{"x":[0.167],"y":[-0.083]},"t":87,"s":[0]},{"i":{"x":[0.833],"y":[0.833]},"o":{"x":[0.167],"y":[0]},"t":113,"s":[-10]},{"t":156,"s":[0]}],"ix":10},"p":{"a":1,"k":[{"i":{"x":0.833,"y":0.844},"o":{"x":0.167,"y":0.167},"t":61,"s":[326,871,0],"to":[11.833,-85.167,0],"ti":[39,116,0]},{"i":{"x":0.833,"y":0.812},"o":{"x":0.167,"y":0.179},"t":87,"s":[305,606,0],"to":[-39,-116,0],"ti":[-4.833,80.667,0]},{"i":{"x":0.833,"y":0.838},"o":{"x":0.167,"y":0.148},"t":113,"s":[251,381,0],"to":[4.833,-80.667,0],"ti":[-10,110,0]},{"i":{"x":0.833,"y":0.833},"o":{"x":0.167,"y":0.173},"t":137,"s":[334,122,0],"to":[10,-110,0],"ti":[0,0,0]},{"t":156,"s":[255,-56,0]}],"ix":2},"a":{"a":0,"k":[45.5,42.5,0],"ix":1},"s":{"a":1,"k":[{"i":{"x":[0.833,0.833,0.833],"y":[0.833,0.833,-20.94]},"o":{"x":[0.167,0.167,0.167],"y":[0.167,0.167,21.94]},"t":61,"s":[60,60,100]},{"t":156,"s":[140,140,100]}],"ix":6}},"ao":0,"shapes":[{"ty":"gr","it":[{"ind":0,"ty":"sh","ix":1,"ks":{"a":0,"k":{"i":[[-5.307,0.003],[-3.283,-1.914],[-0.966,-0.65],[-3.222,2.1],[-4.745,0.312],[-2.189,-8.306],[5.454,-6.092],[6.226,-6.482],[3.151,-2.829],[2.764,2.587],[4.099,4.251],[4.846,5.486],[-8.872,8.853]],"o":[[3.59,-0.304],[1.006,0.587],[3.195,2.149],[3.769,-2.457],[10.096,-0.663],[2.121,8.046],[-5.993,6.693],[-2.937,3.057],[-2.825,2.535],[-4.308,-4.034],[-5.083,-5.273],[-8.429,-9.541],[3.361,-3.353]],"v":[[-17.432,-33.504],[-7.132,-30.469],[-4.167,-28.618],[5.385,-28.635],[17.719,-33.562],[37.602,-18.247],[32.361,3.109],[13.834,22.695],[4.794,31.641],[-3.715,31.639],[-16.21,19.079],[-31.294,3.105],[-30.361,-28.432]],"c":true},"ix":2},"nm":"Path 1","mn":"ADBE Vector Shape - Group","hd":false},{"ty":"fl","c":{"a":0,"k":[0.992156862745,0.203921568627,0.43137254902,1],"ix":4},"o":{"a":0,"k":100,"ix":5},"r":1,"bm":0,"nm":"Fill 1","mn":"ADBE Vector Graphic - Fill","hd":false},{"ty":"tr","p":{"a":0,"k":[44.354,40.522],"ix":2},"a":{"a":0,"k":[0,0],"ix":1},"s":{"a":0,"k":[100,100],"ix":3},"r":{"a":0,"k":0,"ix":6},"o":{"a":0,"k":100,"ix":7},"sk":{"a":0,"k":0,"ix":4},"sa":{"a":0,"k":0,"ix":5},"nm":"Transform"}],"nm":"Group 1","np":2,"cix":2,"bm":0,"ix":1,"mn":"ADBE Vector Group","hd":false}],"ip":0,"op":600,"st":0,"bm":0},{"ddd":0,"ind":5,"ty":4,"nm":"heart Outlines 12","sr":1,"ks":{"o":{"a":0,"k":100,"ix":11},"r":{"a":1,"k":[{"i":{"x":[0.833],"y":[0.961]},"o":{"x":[0.167],"y":[0.167]},"t":43,"s":[-20]},{"i":{"x":[0.833],"y":[1]},"o":{"x":[0.167],"y":[-0.089]},"t":72,"s":[0]},{"i":{"x":[0.833],"y":[0.833]},"o":{"x":[0.167],"y":[0]},"t":105,"s":[-10]},{"t":157,"s":[0]}],"ix":10},"p":{"a":1,"k":[{"i":{"x":0.833,"y":0.842},"o":{"x":0.167,"y":0.167},"t":43,"s":[96,871,0],"to":[-24.167,-47.167,0],"ti":[-33.195,118.428,0]},{"i":{"x":0.833,"y":0.84},"o":{"x":0.167,"y":0.175},"t":72,"s":[61,600,0],"to":[46.503,-165.907,0],"ti":[-7.833,85,0]},{"i":{"x":0.833,"y":0.836},"o":{"x":0.167,"y":0.174},"t":105,"s":[37,319,0],"to":[7.833,-85,0],"ti":[2,62.5,0]},{"i":{"x":0.833,"y":0.833},"o":{"x":0.167,"y":0.17},"t":135,"s":[108,90,0],"to":[-2,-62.5,0],"ti":[0,0,0]},{"t":157,"s":[25,-56,0]}],"ix":2},"a":{"a":0,"k":[45.5,42.5,0],"ix":1},"s":{"a":1,"k":[{"i":{"x":[0.833,0.833,0.833],"y":[0.833,0.833,-20.94]},"o":{"x":[0.167,0.167,0.167],"y":[0.167,0.167,21.94]},"t":43,"s":[60,60,100]},{"t":157,"s":[140,140,100]}],"ix":6}},"ao":0,"shapes":[{"ty":"gr","it":[{"ind":0,"ty":"sh","ix":1,"ks":{"a":0,"k":{"i":[[-5.307,0.003],[-3.283,-1.914],[-0.966,-0.65],[-3.222,2.1],[-4.745,0.312],[-2.189,-8.306],[5.454,-6.092],[6.226,-6.482],[3.151,-2.829],[2.764,2.587],[4.099,4.251],[4.846,5.486],[-8.872,8.853]],"o":[[3.59,-0.304],[1.006,0.587],[3.195,2.149],[3.769,-2.457],[10.096,-0.663],[2.121,8.046],[-5.993,6.693],[-2.937,3.057],[-2.825,2.535],[-4.308,-4.034],[-5.083,-5.273],[-8.429,-9.541],[3.361,-3.353]],"v":[[-17.432,-33.504],[-7.132,-30.469],[-4.167,-28.618],[5.385,-28.635],[17.719,-33.562],[37.602,-18.247],[32.361,3.109],[13.834,22.695],[4.794,31.641],[-3.715,31.639],[-16.21,19.079],[-31.294,3.105],[-30.361,-28.432]],"c":true},"ix":2},"nm":"Path 1","mn":"ADBE Vector Shape - Group","hd":false},{"ty":"fl","c":{"a":0,"k":[0.992156862745,0.203921568627,0.43137254902,1],"ix":4},"o":{"a":0,"k":100,"ix":5},"r":1,"bm":0,"nm":"Fill 1","mn":"ADBE Vector Graphic - Fill","hd":false},{"ty":"tr","p":{"a":0,"k":[44.354,40.522],"ix":2},"a":{"a":0,"k":[0,0],"ix":1},"s":{"a":0,"k":[100,100],"ix":3},"r":{"a":0,"k":0,"ix":6},"o":{"a":0,"k":100,"ix":7},"sk":{"a":0,"k":0,"ix":4},"sa":{"a":0,"k":0,"ix":5},"nm":"Transform"}],"nm":"Group 1","np":2,"cix":2,"bm":0,"ix":1,"mn":"ADBE Vector Group","hd":false}],"ip":0,"op":600,"st":0,"bm":0},{"ddd":0,"ind":6,"ty":4,"nm":"heart Outlines 2","sr":1,"ks":{"o":{"a":0,"k":100,"ix":11},"r":{"a":1,"k":[{"i":{"x":[0.833],"y":[0.83]},"o":{"x":[0.167],"y":[0.167]},"t":0,"s":[-20]},{"i":{"x":[0.833],"y":[0.833]},"o":{"x":[0.167],"y":[0.162]},"t":63,"s":[0]},{"t":114,"s":[17]}],"ix":10},"p":{"a":1,"k":[{"i":{"x":0.833,"y":0.843},"o":{"x":0.167,"y":0.167},"t":0,"s":[128,871,0],"to":[-24.167,-47.167,0],"ti":[-38.167,97.667,0]},{"i":{"x":0.833,"y":0.839},"o":{"x":0.167,"y":0.176},"t":29,"s":[93,600,0],"to":[37.69,-96.448,0],"ti":[-7.833,85,0]},{"i":{"x":0.833,"y":0.836},"o":{"x":0.167,"y":0.174},"t":62,"s":[69,319,0],"to":[7.833,-85,0],"ti":[2,62.5,0]},{"i":{"x":0.833,"y":0.833},"o":{"x":0.167,"y":0.17},"t":92,"s":[140,90,0],"to":[-2,-62.5,0],"ti":[0,0,0]},{"t":114,"s":[57,-56,0]}],"ix":2},"a":{"a":0,"k":[45.5,42.5,0],"ix":1},"s":{"a":1,"k":[{"i":{"x":[0.833,0.833,0.833],"y":[0.833,0.833,-20.94]},"o":{"x":[0.167,0.167,0.167],"y":[0.167,0.167,21.94]},"t":0,"s":[60,60,100]},{"t":114,"s":[140,140,100]}],"ix":6}},"ao":0,"shapes":[{"ty":"gr","it":[{"ind":0,"ty":"sh","ix":1,"ks":{"a":0,"k":{"i":[[-5.307,0.003],[-3.283,-1.914],[-0.966,-0.65],[-3.222,2.1],[-4.745,0.312],[-2.189,-8.306],[5.454,-6.092],[6.226,-6.482],[3.151,-2.829],[2.764,2.587],[4.099,4.251],[4.846,5.486],[-8.872,8.853]],"o":[[3.59,-0.304],[1.006,0.587],[3.195,2.149],[3.769,-2.457],[10.096,-0.663],[2.121,8.046],[-5.993,6.693],[-2.937,3.057],[-2.825,2.535],[-4.308,-4.034],[-5.083,-5.273],[-8.429,-9.541],[3.361,-3.353]],"v":[[-17.432,-33.504],[-7.132,-30.469],[-4.167,-28.618],[5.385,-28.635],[17.719,-33.562],[37.602,-18.247],[32.361,3.109],[13.834,22.695],[4.794,31.641],[-3.715,31.639],[-16.21,19.079],[-31.294,3.105],[-30.361,-28.432]],"c":true},"ix":2},"nm":"Path 1","mn":"ADBE Vector Shape - Group","hd":false},{"ty":"fl","c":{"a":0,"k":[0.992156862745,0.203921568627,0.43137254902,1],"ix":4},"o":{"a":0,"k":100,"ix":5},"r":1,"bm":0,"nm":"Fill 1","mn":"ADBE Vector Graphic - Fill","hd":false},{"ty":"tr","p":{"a":0,"k":[44.354,40.522],"ix":2},"a":{"a":0,"k":[0,0],"ix":1},"s":{"a":0,"k":[100,100],"ix":3},"r":{"a":0,"k":0,"ix":6},"o":{"a":0,"k":100,"ix":7},"sk":{"a":0,"k":0,"ix":4},"sa":{"a":0,"k":0,"ix":5},"nm":"Transform"}],"nm":"Group 1","np":2,"cix":2,"bm":0,"ix":1,"mn":"ADBE Vector Group","hd":false}],"ip":0,"op":600,"st":0,"bm":0},{"ddd":0,"ind":7,"ty":4,"nm":"heart Outlines 7","sr":1,"ks":{"o":{"a":0,"k":70,"ix":11},"r":{"a":1,"k":[{"i":{"x":[0.833],"y":[0.958]},"o":{"x":[0.167],"y":[0.167]},"t":60,"s":[-20]},{"i":{"x":[0.833],"y":[0.773]},"o":{"x":[0.167],"y":[-0.333]},"t":90,"s":[0]},{"i":{"x":[0.833],"y":[0.833]},"o":{"x":[0.167],"y":[0.106]},"t":150,"s":[-5]},{"t":178,"s":[-10]}],"ix":10},"p":{"a":1,"k":[{"i":{"x":0.833,"y":0.828},"o":{"x":0.167,"y":0.167},"t":60,"s":[226,883,0],"to":[-30.167,-131.167,0],"ti":[-27.5,105.667,0]},{"i":{"x":0.833,"y":0.847},"o":{"x":0.167,"y":0.161},"t":90,"s":[291,628,0],"to":[21.478,-82.529,0],"ti":[-3.5,81.333,0]},{"i":{"x":0.833,"y":0.836},"o":{"x":0.167,"y":0.184},"t":120,"s":[223,351,0],"to":[3.5,-81.333,0],"ti":[0.333,69.167,0]},{"i":{"x":0.833,"y":0.833},"o":{"x":0.167,"y":0.169},"t":149,"s":[312,140,0],"to":[-0.333,-69.167,0],"ti":[0,0,0]},{"t":178,"s":[221,-64,0]}],"ix":2},"a":{"a":0,"k":[45.5,42.5,0],"ix":1},"s":{"a":1,"k":[{"i":{"x":[0.833,0.833,0.833],"y":[0.833,0.833,0.167]},"o":{"x":[0.167,0.167,0.167],"y":[0.167,0.167,0.833]},"t":60,"s":[30,30,100]},{"t":178,"s":[80,80,100]}],"ix":6}},"ao":0,"shapes":[{"ty":"gr","it":[{"ind":0,"ty":"sh","ix":1,"ks":{"a":0,"k":{"i":[[-5.307,0.003],[-3.283,-1.914],[-0.966,-0.65],[-3.222,2.1],[-4.745,0.312],[-2.189,-8.306],[5.454,-6.092],[6.226,-6.482],[3.151,-2.829],[2.764,2.587],[4.099,4.251],[4.846,5.486],[-8.872,8.853]],"o":[[3.59,-0.304],[1.006,0.587],[3.195,2.149],[3.769,-2.457],[10.096,-0.663],[2.121,8.046],[-5.993,6.693],[-2.937,3.057],[-2.825,2.535],[-4.308,-4.034],[-5.083,-5.273],[-8.429,-9.541],[3.361,-3.353]],"v":[[-17.432,-33.504],[-7.132,-30.469],[-4.167,-28.618],[5.385,-28.635],[17.719,-33.562],[37.602,-18.247],[32.361,3.109],[13.834,22.695],[4.794,31.641],[-3.715,31.639],[-16.21,19.079],[-31.294,3.105],[-30.361,-28.432]],"c":true},"ix":2},"nm":"Path 1","mn":"ADBE Vector Shape - Group","hd":false},{"ty":"fl","c":{"a":0,"k":[0.992156862745,0.203921568627,0.43137254902,1],"ix":4},"o":{"a":0,"k":100,"ix":5},"r":1,"bm":0,"nm":"Fill 1","mn":"ADBE Vector Graphic - Fill","hd":false},{"ty":"tr","p":{"a":0,"k":[44.354,40.522],"ix":2},"a":{"a":0,"k":[0,0],"ix":1},"s":{"a":0,"k":[100,100],"ix":3},"r":{"a":0,"k":0,"ix":6},"o":{"a":0,"k":100,"ix":7},"sk":{"a":0,"k":0,"ix":4},"sa":{"a":0,"k":0,"ix":5},"nm":"Transform"}],"nm":"Group 1","np":2,"cix":2,"bm":0,"ix":1,"mn":"ADBE Vector Group","hd":false}],"ip":0,"op":600,"st":0,"bm":0},{"ddd":0,"ind":8,"ty":4,"nm":"heart Outlines 11","sr":1,"ks":{"o":{"a":0,"k":70,"ix":11},"r":{"a":1,"k":[{"i":{"x":[0.833],"y":[0.958]},"o":{"x":[0.167],"y":[0.167]},"t":37,"s":[-20]},{"i":{"x":[0.833],"y":[0.773]},"o":{"x":[0.167],"y":[-0.333]},"t":67,"s":[0]},{"i":{"x":[0.833],"y":[0.833]},"o":{"x":[0.167],"y":[0.106]},"t":127,"s":[-5]},{"t":155,"s":[-10]}],"ix":10},"p":{"a":1,"k":[{"i":{"x":0.833,"y":0.833},"o":{"x":0.167,"y":0.167},"t":37,"s":[162,887,0],"to":[-30.167,-131.167,0],"ti":[-27.5,105.667,0]},{"i":{"x":0.833,"y":0.839},"o":{"x":0.167,"y":0.166},"t":67,"s":[281,636,0],"to":[21.478,-82.529,0],"ti":[-0.167,83.333,0]},{"i":{"x":0.833,"y":0.842},"o":{"x":0.167,"y":0.173},"t":97,"s":[171,371,0],"to":[0.167,-83.333,0],"ti":[2.333,71.833,0]},{"i":{"x":0.833,"y":0.833},"o":{"x":0.167,"y":0.177},"t":126,"s":[282,136,0],"to":[-2.333,-71.833,0],"ti":[0,0,0]},{"t":155,"s":[157,-60,0]}],"ix":2},"a":{"a":0,"k":[45.5,42.5,0],"ix":1},"s":{"a":1,"k":[{"i":{"x":[0.833,0.833,0.833],"y":[0.833,0.833,0.167]},"o":{"x":[0.167,0.167,0.167],"y":[0.167,0.167,0.833]},"t":37,"s":[30,30,100]},{"t":155,"s":[80,80,100]}],"ix":6}},"ao":0,"shapes":[{"ty":"gr","it":[{"ind":0,"ty":"sh","ix":1,"ks":{"a":0,"k":{"i":[[-5.307,0.003],[-3.283,-1.914],[-0.966,-0.65],[-3.222,2.1],[-4.745,0.312],[-2.189,-8.306],[5.454,-6.092],[6.226,-6.482],[3.151,-2.829],[2.764,2.587],[4.099,4.251],[4.846,5.486],[-8.872,8.853]],"o":[[3.59,-0.304],[1.006,0.587],[3.195,2.149],[3.769,-2.457],[10.096,-0.663],[2.121,8.046],[-5.993,6.693],[-2.937,3.057],[-2.825,2.535],[-4.308,-4.034],[-5.083,-5.273],[-8.429,-9.541],[3.361,-3.353]],"v":[[-17.432,-33.504],[-7.132,-30.469],[-4.167,-28.618],[5.385,-28.635],[17.719,-33.562],[37.602,-18.247],[32.361,3.109],[13.834,22.695],[4.794,31.641],[-3.715,31.639],[-16.21,19.079],[-31.294,3.105],[-30.361,-28.432]],"c":true},"ix":2},"nm":"Path 1","mn":"ADBE Vector Shape - Group","hd":false},{"ty":"fl","c":{"a":0,"k":[0.992156862745,0.203921568627,0.43137254902,1],"ix":4},"o":{"a":0,"k":100,"ix":5},"r":1,"bm":0,"nm":"Fill 1","mn":"ADBE Vector Graphic - Fill","hd":false},{"ty":"tr","p":{"a":0,"k":[44.354,40.522],"ix":2},"a":{"a":0,"k":[0,0],"ix":1},"s":{"a":0,"k":[100,100],"ix":3},"r":{"a":0,"k":0,"ix":6},"o":{"a":0,"k":100,"ix":7},"sk":{"a":0,"k":0,"ix":4},"sa":{"a":0,"k":0,"ix":5},"nm":"Transform"}],"nm":"Group 1","np":2,"cix":2,"bm":0,"ix":1,"mn":"ADBE Vector Group","hd":false}],"ip":0,"op":600,"st":0,"bm":0},{"ddd":0,"ind":9,"ty":4,"nm":"heart Outlines 10","sr":1,"ks":{"o":{"a":0,"k":70,"ix":11},"r":{"a":1,"k":[{"i":{"x":[0.833],"y":[0.958]},"o":{"x":[0.167],"y":[0.167]},"t":4,"s":[-20]},{"i":{"x":[0.833],"y":[0.773]},"o":{"x":[0.167],"y":[-0.333]},"t":34,"s":[0]},{"i":{"x":[0.833],"y":[0.833]},"o":{"x":[0.167],"y":[0.106]},"t":94,"s":[-5]},{"t":122,"s":[-10]}],"ix":10},"p":{"a":1,"k":[{"i":{"x":0.833,"y":0.833},"o":{"x":0.167,"y":0.167},"t":4,"s":[50,885,0],"to":[-30.167,-131.167,0],"ti":[-27.5,105.667,0]},{"i":{"x":0.833,"y":0.839},"o":{"x":0.167,"y":0.166},"t":34,"s":[169,634,0],"to":[21.478,-82.529,0],"ti":[-0.167,83.333,0]},{"i":{"x":0.833,"y":0.842},"o":{"x":0.167,"y":0.173},"t":64,"s":[59,369,0],"to":[0.167,-83.333,0],"ti":[2.333,71.833,0]},{"i":{"x":0.833,"y":0.833},"o":{"x":0.167,"y":0.177},"t":93,"s":[170,134,0],"to":[-2.333,-71.833,0],"ti":[0,0,0]},{"t":122,"s":[45,-62,0]}],"ix":2},"a":{"a":0,"k":[45.5,42.5,0],"ix":1},"s":{"a":1,"k":[{"i":{"x":[0.833,0.833,0.833],"y":[0.833,0.833,0.167]},"o":{"x":[0.167,0.167,0.167],"y":[0.167,0.167,0.833]},"t":4,"s":[30,30,100]},{"t":122,"s":[80,80,100]}],"ix":6}},"ao":0,"shapes":[{"ty":"gr","it":[{"ind":0,"ty":"sh","ix":1,"ks":{"a":0,"k":{"i":[[-5.307,0.003],[-3.283,-1.914],[-0.966,-0.65],[-3.222,2.1],[-4.745,0.312],[-2.189,-8.306],[5.454,-6.092],[6.226,-6.482],[3.151,-2.829],[2.764,2.587],[4.099,4.251],[4.846,5.486],[-8.872,8.853]],"o":[[3.59,-0.304],[1.006,0.587],[3.195,2.149],[3.769,-2.457],[10.096,-0.663],[2.121,8.046],[-5.993,6.693],[-2.937,3.057],[-2.825,2.535],[-4.308,-4.034],[-5.083,-5.273],[-8.429,-9.541],[3.361,-3.353]],"v":[[-17.432,-33.504],[-7.132,-30.469],[-4.167,-28.618],[5.385,-28.635],[17.719,-33.562],[37.602,-18.247],[32.361,3.109],[13.834,22.695],[4.794,31.641],[-3.715,31.639],[-16.21,19.079],[-31.294,3.105],[-30.361,-28.432]],"c":true},"ix":2},"nm":"Path 1","mn":"ADBE Vector Shape - Group","hd":false},{"ty":"fl","c":{"a":0,"k":[0.992156862745,0.203921568627,0.43137254902,1],"ix":4},"o":{"a":0,"k":100,"ix":5},"r":1,"bm":0,"nm":"Fill 1","mn":"ADBE Vector Graphic - Fill","hd":false},{"ty":"tr","p":{"a":0,"k":[44.354,40.522],"ix":2},"a":{"a":0,"k":[0,0],"ix":1},"s":{"a":0,"k":[100,100],"ix":3},"r":{"a":0,"k":0,"ix":6},"o":{"a":0,"k":100,"ix":7},"sk":{"a":0,"k":0,"ix":4},"sa":{"a":0,"k":0,"ix":5},"nm":"Transform"}],"nm":"Group 1","np":2,"cix":2,"bm":0,"ix":1,"mn":"ADBE Vector Group","hd":false}],"ip":0,"op":600,"st":0,"bm":0},{"ddd":0,"ind":10,"ty":4,"nm":"heart Outlines 14","sr":1,"ks":{"o":{"a":0,"k":70,"ix":11},"r":{"a":1,"k":[{"i":{"x":[0.833],"y":[0.958]},"o":{"x":[0.167],"y":[0.167]},"t":29,"s":[-20]},{"i":{"x":[0.833],"y":[0.774]},"o":{"x":[0.167],"y":[-0.331]},"t":56,"s":[0]},{"i":{"x":[0.833],"y":[0.833]},"o":{"x":[0.167],"y":[0.107]},"t":109,"s":[-5]},{"t":134,"s":[-10]}],"ix":10},"p":{"a":1,"k":[{"i":{"x":0.833,"y":0.824},"o":{"x":0.167,"y":0.167},"t":29,"s":[266,883,0],"to":[-30.167,-131.167,0],"ti":[-27.5,105.667,0]},{"i":{"x":0.833,"y":0.85},"o":{"x":0.167,"y":0.158},"t":56,"s":[331,628,0],"to":[21.478,-82.529,0],"ti":[-3.5,81.333,0]},{"i":{"x":0.833,"y":0.836},"o":{"x":0.167,"y":0.187},"t":82,"s":[263,351,0],"to":[3.5,-81.333,0],"ti":[0.333,69.167,0]},{"i":{"x":0.833,"y":0.833},"o":{"x":0.167,"y":0.169},"t":108,"s":[352,140,0],"to":[-0.333,-69.167,0],"ti":[0,0,0]},{"t":134,"s":[261,-64,0]}],"ix":2},"a":{"a":0,"k":[45.5,42.5,0],"ix":1},"s":{"a":1,"k":[{"i":{"x":[0.833,0.833,0.833],"y":[0.833,0.833,0.167]},"o":{"x":[0.167,0.167,0.167],"y":[0.167,0.167,0.833]},"t":29,"s":[30,30,100]},{"t":134,"s":[80,80,100]}],"ix":6}},"ao":0,"shapes":[{"ty":"gr","it":[{"ind":0,"ty":"sh","ix":1,"ks":{"a":0,"k":{"i":[[-5.307,0.003],[-3.283,-1.914],[-0.966,-0.65],[-3.222,2.1],[-4.745,0.312],[-2.189,-8.306],[5.454,-6.092],[6.226,-6.482],[3.151,-2.829],[2.764,2.587],[4.099,4.251],[4.846,5.486],[-8.872,8.853]],"o":[[3.59,-0.304],[1.006,0.587],[3.195,2.149],[3.769,-2.457],[10.096,-0.663],[2.121,8.046],[-5.993,6.693],[-2.937,3.057],[-2.825,2.535],[-4.308,-4.034],[-5.083,-5.273],[-8.429,-9.541],[3.361,-3.353]],"v":[[-17.432,-33.504],[-7.132,-30.469],[-4.167,-28.618],[5.385,-28.635],[17.719,-33.562],[37.602,-18.247],[32.361,3.109],[13.834,22.695],[4.794,31.641],[-3.715,31.639],[-16.21,19.079],[-31.294,3.105],[-30.361,-28.432]],"c":true},"ix":2},"nm":"Path 1","mn":"ADBE Vector Shape - Group","hd":false},{"ty":"fl","c":{"a":0,"k":[0.992156862745,0.203921568627,0.43137254902,1],"ix":4},"o":{"a":0,"k":100,"ix":5},"r":1,"bm":0,"nm":"Fill 1","mn":"ADBE Vector Graphic - Fill","hd":false},{"ty":"tr","p":{"a":0,"k":[44.354,40.522],"ix":2},"a":{"a":0,"k":[0,0],"ix":1},"s":{"a":0,"k":[100,100],"ix":3},"r":{"a":0,"k":0,"ix":6},"o":{"a":0,"k":100,"ix":7},"sk":{"a":0,"k":0,"ix":4},"sa":{"a":0,"k":0,"ix":5},"nm":"Transform"}],"nm":"Group 1","np":2,"cix":2,"bm":0,"ix":1,"mn":"ADBE Vector Group","hd":false}],"ip":0,"op":600,"st":0,"bm":0},{"ddd":0,"ind":11,"ty":4,"nm":"heart Outlines 6","sr":1,"ks":{"o":{"a":0,"k":70,"ix":11},"r":{"a":1,"k":[{"i":{"x":[0.833],"y":[0.958]},"o":{"x":[0.167],"y":[0.167]},"t":26,"s":[-20]},{"i":{"x":[0.833],"y":[0.773]},"o":{"x":[0.167],"y":[-0.333]},"t":56,"s":[0]},{"i":{"x":[0.833],"y":[0.833]},"o":{"x":[0.167],"y":[0.106]},"t":116,"s":[-5]},{"t":144,"s":[-10]}],"ix":10},"p":{"a":1,"k":[{"i":{"x":0.833,"y":0.828},"o":{"x":0.167,"y":0.167},"t":26,"s":[104,885,0],"to":[-30.167,-131.167,0],"ti":[-27.5,105.667,0]},{"i":{"x":0.833,"y":0.847},"o":{"x":0.167,"y":0.161},"t":56,"s":[169,630,0],"to":[21.478,-82.529,0],"ti":[-3.5,81.333,0]},{"i":{"x":0.833,"y":0.836},"o":{"x":0.167,"y":0.184},"t":86,"s":[101,353,0],"to":[3.5,-81.333,0],"ti":[0.333,69.167,0]},{"i":{"x":0.833,"y":0.833},"o":{"x":0.167,"y":0.169},"t":115,"s":[190,142,0],"to":[-0.333,-69.167,0],"ti":[0,0,0]},{"t":144,"s":[99,-62,0]}],"ix":2},"a":{"a":0,"k":[45.5,42.5,0],"ix":1},"s":{"a":1,"k":[{"i":{"x":[0.833,0.833,0.833],"y":[0.833,0.833,0.167]},"o":{"x":[0.167,0.167,0.167],"y":[0.167,0.167,0.833]},"t":26,"s":[30,30,100]},{"t":144,"s":[80,80,100]}],"ix":6}},"ao":0,"shapes":[{"ty":"gr","it":[{"ind":0,"ty":"sh","ix":1,"ks":{"a":0,"k":{"i":[[-5.307,0.003],[-3.283,-1.914],[-0.966,-0.65],[-3.222,2.1],[-4.745,0.312],[-2.189,-8.306],[5.454,-6.092],[6.226,-6.482],[3.151,-2.829],[2.764,2.587],[4.099,4.251],[4.846,5.486],[-8.872,8.853]],"o":[[3.59,-0.304],[1.006,0.587],[3.195,2.149],[3.769,-2.457],[10.096,-0.663],[2.121,8.046],[-5.993,6.693],[-2.937,3.057],[-2.825,2.535],[-4.308,-4.034],[-5.083,-5.273],[-8.429,-9.541],[3.361,-3.353]],"v":[[-17.432,-33.504],[-7.132,-30.469],[-4.167,-28.618],[5.385,-28.635],[17.719,-33.562],[37.602,-18.247],[32.361,3.109],[13.834,22.695],[4.794,31.641],[-3.715,31.639],[-16.21,19.079],[-31.294,3.105],[-30.361,-28.432]],"c":true},"ix":2},"nm":"Path 1","mn":"ADBE Vector Shape - Group","hd":false},{"ty":"fl","c":{"a":0,"k":[0.992156862745,0.203921568627,0.43137254902,1],"ix":4},"o":{"a":0,"k":100,"ix":5},"r":1,"bm":0,"nm":"Fill 1","mn":"ADBE Vector Graphic - Fill","hd":false},{"ty":"tr","p":{"a":0,"k":[44.354,40.522],"ix":2},"a":{"a":0,"k":[0,0],"ix":1},"s":{"a":0,"k":[100,100],"ix":3},"r":{"a":0,"k":0,"ix":6},"o":{"a":0,"k":100,"ix":7},"sk":{"a":0,"k":0,"ix":4},"sa":{"a":0,"k":0,"ix":5},"nm":"Transform"}],"nm":"Group 1","np":2,"cix":2,"bm":0,"ix":1,"mn":"ADBE Vector Group","hd":false}],"ip":0,"op":600,"st":0,"bm":0},{"ddd":0,"ind":12,"ty":4,"nm":"heart Outlines 5","sr":1,"ks":{"o":{"a":0,"k":90,"ix":11},"r":{"a":1,"k":[{"i":{"x":[0.833],"y":[0.958]},"o":{"x":[0.167],"y":[0.167]},"t":0,"s":[-20]},{"i":{"x":[0.833],"y":[0.773]},"o":{"x":[0.167],"y":[-0.333]},"t":30,"s":[0]},{"i":{"x":[0.833],"y":[0.833]},"o":{"x":[0.167],"y":[0.106]},"t":90,"s":[-5]},{"t":118,"s":[-10]}],"ix":10},"p":{"a":1,"k":[{"i":{"x":0.833,"y":0.834},"o":{"x":0.167,"y":0.167},"t":0,"s":[276,881,0],"to":[-22.167,-91.167,0],"ti":[-43.5,93.667,0]},{"i":{"x":0.833,"y":0.839},"o":{"x":0.167,"y":0.167},"t":30,"s":[323,622,0],"to":[35.92,-77.344,0],"ti":[-6.5,80.667,0]},{"i":{"x":0.833,"y":0.839},"o":{"x":0.167,"y":0.173},"t":60,"s":[283,363,0],"to":[6.5,-80.667,0],"ti":[5.333,69.5,0]},{"i":{"x":0.833,"y":0.833},"o":{"x":0.167,"y":0.173},"t":89,"s":[362,138,0],"to":[-5.333,-69.5,0],"ti":[0,0,0]},{"t":118,"s":[251,-54,0]}],"ix":2},"a":{"a":0,"k":[45.5,42.5,0],"ix":1},"s":{"a":1,"k":[{"i":{"x":[0.833,0.833,0.833],"y":[0.833,0.833,0.206]},"o":{"x":[0.167,0.167,0.167],"y":[0.167,0.167,0.794]},"t":0,"s":[40,40,100]},{"t":118,"s":[100,100,100]}],"ix":6}},"ao":0,"shapes":[{"ty":"gr","it":[{"ind":0,"ty":"sh","ix":1,"ks":{"a":0,"k":{"i":[[-5.307,0.003],[-3.283,-1.914],[-0.966,-0.65],[-3.222,2.1],[-4.745,0.312],[-2.189,-8.306],[5.454,-6.092],[6.226,-6.482],[3.151,-2.829],[2.764,2.587],[4.099,4.251],[4.846,5.486],[-8.872,8.853]],"o":[[3.59,-0.304],[1.006,0.587],[3.195,2.149],[3.769,-2.457],[10.096,-0.663],[2.121,8.046],[-5.993,6.693],[-2.937,3.057],[-2.825,2.535],[-4.308,-4.034],[-5.083,-5.273],[-8.429,-9.541],[3.361,-3.353]],"v":[[-17.432,-33.504],[-7.132,-30.469],[-4.167,-28.618],[5.385,-28.635],[17.719,-33.562],[37.602,-18.247],[32.361,3.109],[13.834,22.695],[4.794,31.641],[-3.715,31.639],[-16.21,19.079],[-31.294,3.105],[-30.361,-28.432]],"c":true},"ix":2},"nm":"Path 1","mn":"ADBE Vector Shape - Group","hd":false},{"ty":"fl","c":{"a":0,"k":[0.992156862745,0.203921568627,0.43137254902,1],"ix":4},"o":{"a":0,"k":100,"ix":5},"r":1,"bm":0,"nm":"Fill 1","mn":"ADBE Vector Graphic - Fill","hd":false},{"ty":"tr","p":{"a":0,"k":[44.354,40.522],"ix":2},"a":{"a":0,"k":[0,0],"ix":1},"s":{"a":0,"k":[100,100],"ix":3},"r":{"a":0,"k":0,"ix":6},"o":{"a":0,"k":100,"ix":7},"sk":{"a":0,"k":0,"ix":4},"sa":{"a":0,"k":0,"ix":5},"nm":"Transform"}],"nm":"Group 1","np":2,"cix":2,"bm":0,"ix":1,"mn":"ADBE Vector Group","hd":false}],"ip":0,"op":600,"st":0,"bm":0},{"ddd":0,"ind":13,"ty":4,"nm":"heart Outlines 9","sr":1,"ks":{"o":{"a":0,"k":100,"ix":11},"r":{"a":1,"k":[{"i":{"x":[0.833],"y":[0.867]},"o":{"x":[0.167],"y":[0.167]},"t":30,"s":[-20]},{"i":{"x":[0.833],"y":[1.035]},"o":{"x":[0.167],"y":[0.222]},"t":60,"s":[0]},{"i":{"x":[0.833],"y":[0.833]},"o":{"x":[0.167],"y":[0.057]},"t":90,"s":[12]},{"t":179,"s":[-10]}],"ix":10},"p":{"a":1,"k":[{"i":{"x":0.833,"y":0.821},"o":{"x":0.167,"y":0.167},"t":30,"s":[216,879,0],"to":[-16.167,-25.167,0],"ti":[-22.833,57.667,0]},{"i":{"x":0.833,"y":0.837},"o":{"x":0.167,"y":0.156},"t":60,"s":[173,694,0],"to":[16.906,-42.697,0],"ti":[27.333,84.333,0]},{"i":{"x":0.833,"y":0.844},"o":{"x":0.167,"y":0.17},"t":90,"s":[231,485,0],"to":[-20.518,-63.305,0],"ti":[-18.807,57.318,0]},{"i":{"x":0.833,"y":0.83},"o":{"x":0.167,"y":0.179},"t":120,"s":[145,294,0],"to":[24.247,-73.896,0],"ti":[5.177,56.434,0]},{"i":{"x":0.833,"y":0.833},"o":{"x":0.167,"y":0.163},"t":150,"s":[218,124,0],"to":[-6.667,-72.667,0],"ti":[0,0,0]},{"t":179,"s":[137,-44,0]}],"ix":2},"a":{"a":0,"k":[45.5,42.5,0],"ix":1},"s":{"a":1,"k":[{"i":{"x":[0.833,0.833,0.833],"y":[0.833,0.833,-20.94]},"o":{"x":[0.167,0.167,0.167],"y":[0.167,0.167,21.94]},"t":30,"s":[60,60,100]},{"t":179,"s":[140,140,100]}],"ix":6}},"ao":0,"shapes":[{"ty":"gr","it":[{"ind":0,"ty":"sh","ix":1,"ks":{"a":0,"k":{"i":[[-5.307,0.003],[-3.283,-1.914],[-0.966,-0.65],[-3.222,2.1],[-4.745,0.312],[-2.189,-8.306],[5.454,-6.092],[6.226,-6.482],[3.151,-2.829],[2.764,2.587],[4.099,4.251],[4.846,5.486],[-8.872,8.853]],"o":[[3.59,-0.304],[1.006,0.587],[3.195,2.149],[3.769,-2.457],[10.096,-0.663],[2.121,8.046],[-5.993,6.693],[-2.937,3.057],[-2.825,2.535],[-4.308,-4.034],[-5.083,-5.273],[-8.429,-9.541],[3.361,-3.353]],"v":[[-17.432,-33.504],[-7.132,-30.469],[-4.167,-28.618],[5.385,-28.635],[17.719,-33.562],[37.602,-18.247],[32.361,3.109],[13.834,22.695],[4.794,31.641],[-3.715,31.639],[-16.21,19.079],[-31.294,3.105],[-30.361,-28.432]],"c":true},"ix":2},"nm":"Path 1","mn":"ADBE Vector Shape - Group","hd":false},{"ty":"fl","c":{"a":0,"k":[0.992156862745,0.203921568627,0.43137254902,1],"ix":4},"o":{"a":0,"k":100,"ix":5},"r":1,"bm":0,"nm":"Fill 1","mn":"ADBE Vector Graphic - Fill","hd":false},{"ty":"tr","p":{"a":0,"k":[44.354,40.522],"ix":2},"a":{"a":0,"k":[0,0],"ix":1},"s":{"a":0,"k":[100,100],"ix":3},"r":{"a":0,"k":0,"ix":6},"o":{"a":0,"k":100,"ix":7},"sk":{"a":0,"k":0,"ix":4},"sa":{"a":0,"k":0,"ix":5},"nm":"Transform"}],"nm":"Group 1","np":2,"cix":2,"bm":0,"ix":1,"mn":"ADBE Vector Group","hd":false}],"ip":0,"op":600,"st":0,"bm":0},{"ddd":0,"ind":14,"ty":4,"nm":"heart Outlines","sr":1,"ks":{"o":{"a":0,"k":100,"ix":11},"r":{"a":1,"k":[{"i":{"x":[0.833],"y":[0.867]},"o":{"x":[0.167],"y":[0.167]},"t":0,"s":[-20]},{"i":{"x":[0.833],"y":[1.035]},"o":{"x":[0.167],"y":[0.222]},"t":30,"s":[0]},{"i":{"x":[0.833],"y":[0.833]},"o":{"x":[0.167],"y":[0.057]},"t":60,"s":[12]},{"t":149,"s":[-10]}],"ix":10},"p":{"a":1,"k":[{"i":{"x":0.833,"y":0.821},"o":{"x":0.167,"y":0.167},"t":0,"s":[318,873,0],"to":[-16.167,-25.167,0],"ti":[-22.833,57.667,0]},{"i":{"x":0.833,"y":0.837},"o":{"x":0.167,"y":0.156},"t":30,"s":[275,688,0],"to":[16.906,-42.697,0],"ti":[27.333,84.333,0]},{"i":{"x":0.833,"y":0.844},"o":{"x":0.167,"y":0.17},"t":60,"s":[333,479,0],"to":[-20.518,-63.305,0],"ti":[-18.807,57.318,0]},{"i":{"x":0.833,"y":0.83},"o":{"x":0.167,"y":0.179},"t":90,"s":[247,288,0],"to":[24.247,-73.896,0],"ti":[5.177,56.434,0]},{"i":{"x":0.833,"y":0.833},"o":{"x":0.167,"y":0.163},"t":120,"s":[320,118,0],"to":[-6.667,-72.667,0],"ti":[0,0,0]},{"t":149,"s":[239,-50,0]}],"ix":2},"a":{"a":0,"k":[45.5,42.5,0],"ix":1},"s":{"a":1,"k":[{"i":{"x":[0.833,0.833,0.833],"y":[0.833,0.833,-20.94]},"o":{"x":[0.167,0.167,0.167],"y":[0.167,0.167,21.94]},"t":0,"s":[60,60,100]},{"t":149,"s":[140,140,100]}],"ix":6}},"ao":0,"shapes":[{"ty":"gr","it":[{"ind":0,"ty":"sh","ix":1,"ks":{"a":0,"k":{"i":[[-5.307,0.003],[-3.283,-1.914],[-0.966,-0.65],[-3.222,2.1],[-4.745,0.312],[-2.189,-8.306],[5.454,-6.092],[6.226,-6.482],[3.151,-2.829],[2.764,2.587],[4.099,4.251],[4.846,5.486],[-8.872,8.853]],"o":[[3.59,-0.304],[1.006,0.587],[3.195,2.149],[3.769,-2.457],[10.096,-0.663],[2.121,8.046],[-5.993,6.693],[-2.937,3.057],[-2.825,2.535],[-4.308,-4.034],[-5.083,-5.273],[-8.429,-9.541],[3.361,-3.353]],"v":[[-17.432,-33.504],[-7.132,-30.469],[-4.167,-28.618],[5.385,-28.635],[17.719,-33.562],[37.602,-18.247],[32.361,3.109],[13.834,22.695],[4.794,31.641],[-3.715,31.639],[-16.21,19.079],[-31.294,3.105],[-30.361,-28.432]],"c":true},"ix":2},"nm":"Path 1","mn":"ADBE Vector Shape - Group","hd":false},{"ty":"fl","c":{"a":0,"k":[0.992156862745,0.203921568627,0.43137254902,1],"ix":4},"o":{"a":0,"k":100,"ix":5},"r":1,"bm":0,"nm":"Fill 1","mn":"ADBE Vector Graphic - Fill","hd":false},{"ty":"tr","p":{"a":0,"k":[44.354,40.522],"ix":2},"a":{"a":0,"k":[0,0],"ix":1},"s":{"a":0,"k":[100,100],"ix":3},"r":{"a":0,"k":0,"ix":6},"o":{"a":0,"k":100,"ix":7},"sk":{"a":0,"k":0,"ix":4},"sa":{"a":0,"k":0,"ix":5},"nm":"Transform"}],"nm":"Group 1","np":2,"cix":2,"bm":0,"ix":1,"mn":"ADBE Vector Group","hd":false}],"ip":0,"op":600,"st":0,"bm":0}],"markers":[]}